{
  "Qwen/Qwen3-30B-A3B": {
    "0.001": {
      "Perplexity": 253.6175994873047,
      "Translation": {
        "BLEU": 6.029089036032731,
        "METEOR": 0.18016199941038655
      },
      "Summarization": {
        "rouge1": 0.21848925392364948,
        "rouge2": 0.09419492438380159,
        "rougeL": 0.14636775937689656,
        "rougeLsum": 0.17430583376044367
      }
    },
    "0.01": {
      "Perplexity": 49.205039978027344,
      "Translation": {
        "BLEU": 7.159653790746821,
        "METEOR": 0.19455362007974675
      },
      "Summarization": {
        "rouge1": 0.21925234829121543,
        "rouge2": 0.09586167977985904,
        "rougeL": 0.14603609855943073,
        "rougeLsum": 0.1754188155963748
      }
    },
    "0.1": {
      "Perplexity": 42.97637939453125,
      "Translation": {
        "BLEU": 8.05518634277716,
        "METEOR": 0.20491178621650158
      },
      "Summarization": {
        "rouge1": 0.21865975418658923,
        "rouge2": 0.09593040389604778,
        "rougeL": 0.14574374173518287,
        "rougeLsum": 0.17730913925389769
      }
    },
    "0.3": {
      "Perplexity": 43.33988952636719,
      "Translation": {
        "BLEU": 7.808651850742894,
        "METEOR": 0.21373541746552693
      },
      "Summarization": {
        "rouge1": 0.218338514431972,
        "rouge2": 0.09526151436540392,
        "rougeL": 0.14544668704506264,
        "rougeLsum": 0.1739367498865176
      }
    },
    "0.5": {
      "Perplexity": 49.21855926513672,
      "Translation": {
        "BLEU": 8.045507886361705,
        "METEOR": 0.20812974373617
      },
      "Summarization": {
        "rouge1": 0.21841475312959308,
        "rouge2": 0.09622712778838913,
        "rougeL": 0.14509022146965672,
        "rougeLsum": 0.17485967653819506
      }
    },
    "0.7": {
      "Perplexity": 68.97010040283203,
      "Translation": {
        "BLEU": 7.250379445249414,
        "METEOR": 0.1988908096550489
      },
      "Summarization": {
        "rouge1": 0.21550392141017294,
        "rouge2": 0.09454008259700822,
        "rougeL": 0.14488516092190365,
        "rougeLsum": 0.1734541563011665
      }
    },
    "1": {
      "Perplexity": 170.15652465820312,
      "Translation": {
        "BLEU": 5.997364411823367,
        "METEOR": 0.18433353813310993
      },
      "Summarization": {
        "rouge1": 0.21469078274910447,
        "rouge2": 0.09307330692620644,
        "rougeL": 0.14537776642350694,
        "rougeLsum": 0.1707743433746493
      }
    },
    "5": {
      "Perplexity": 4155.86279296875,
      "Translation": {
        "BLEU": 6.141438954494026,
        "METEOR": 0.19101907822436115
      },
      "Summarization": {
        "rouge1": 0.24289953440193462,
        "rouge2": 0.10572701485478536,
        "rougeL": 0.16485093982809995,
        "rougeLsum": 0.1917849537336871
      }
    },
    "0": {
      "Perplexity": 44.78119659423828,
      "Translation": {
        "BLEU": 7.968952993097785,
        "METEOR": 0.1982921908876155
      },
      "Summarization": {
        "rouge1": 0.21964190348112078,
        "rouge2": 0.09618092655343485,
        "rougeL": 0.14599358740225737,
        "rougeLsum": 0.17576619528811616
      }
    }
  },
  "allenai/OLMoE-1B-7B-0924-Instruct": {
    "0.001": {
      "Perplexity": 5249.57666015625,
      "Translation": {
        "BLEU": 5.691613365651812,
        "METEOR": 0.19679610953435211
      },
      "Summarization": {
        "rouge1": 0.21559754236346498,
        "rouge2": 0.09244211329598734,
        "rougeL": 0.1448855656276255,
        "rougeLsum": 0.17209668582988039
      }
    },
    "0.01": {
      "Perplexity": 36.05717468261719,
      "Translation": {
        "BLEU": 7.974716108451451,
        "METEOR": 0.237777907149039
      },
      "Summarization": {
        "rouge1": 0.22242019712609823,
        "rouge2": 0.1009046921201911,
        "rougeL": 0.1485064167701818,
        "rougeLsum": 0.18097585779006575
      }
    },
    "0.1": {
      "Perplexity": 33.764732360839844,
      "Translation": {
        "BLEU": 8.256484445437438,
        "METEOR": 0.24198425799561027
      },
      "Summarization": {
        "rouge1": 0.2227016920161653,
        "rouge2": 0.10024941767843042,
        "rougeL": 0.14839925777519652,
        "rougeLsum": 0.18044032664637122
      }
    },
    "0.3": {
      "Perplexity": 41.796749114990234,
      "Translation": {
        "BLEU": 7.774067480446471,
        "METEOR": 0.23191537603018325
      },
      "Summarization": {
        "rouge1": 0.22047801504724918,
        "rouge2": 0.09866490814693712,
        "rougeL": 0.14831904572414328,
        "rougeLsum": 0.17847357541856096
      }
    },
    "0.5": {
      "Perplexity": 110.2685775756836,
      "Translation": {
        "BLEU": 6.251244954831308,
        "METEOR": 0.19793651011105637
      },
      "Summarization": {
        "rouge1": 0.21771067533062216,
        "rouge2": 0.09352060164106435,
        "rougeL": 0.14731483944855703,
        "rougeLsum": 0.17435420621851339
      }
    },
    "0.7": {
      "Perplexity": 1306.603271484375,
      "Translation": {
        "BLEU": 5.775135703018227,
        "METEOR": 0.192703008582858
      },
      "Summarization": {
        "rouge1": 0.22837920754938743,
        "rouge2": 0.09777218430378089,
        "rougeL": 0.1534823245625842,
        "rougeLsum": 0.1820750012559056
      }
    },
    "1": {
      "Perplexity": 9800.7685546875,
      "Translation": {
        "BLEU": 5.792991347396481,
        "METEOR": 0.20028980669304025
      },
      "Summarization": {
        "rouge1": 0.23671554741989104,
        "rouge2": 0.1015162618840206,
        "rougeL": 0.1592315608104564,
        "rougeLsum": 0.18735473475441905
      }
    },
    "5": {
      "Perplexity": 21718.75390625,
      "Translation": {
        "BLEU": 5.367100524550804,
        "METEOR": 0.19959640563076228
      },
      "Summarization": {
        "rouge1": 0.23491372980972283,
        "rouge2": 0.10094135674516258,
        "rougeL": 0.15835832059121827,
        "rougeLsum": 0.18537106806571108
      }
    },
    "0": {
      "Perplexity": 33.600521087646484,
      "Translation": {
        "BLEU": 8.248307851317467,
        "METEOR": 0.24226432479622848
      },
      "Summarization": {
        "rouge1": 0.22229971857580016,
        "rouge2": 0.10012864723462339,
        "rougeL": 0.1470497791810536,
        "rougeLsum": 0.17975483711515133
      }
    }
  },
  "microsoft/Phi-3.5-MoE-instruct": {
    "0.001": {
      "Perplexity": 4953.31591796875,
      "Translation": {
        "BLEU": 5.704895380995328,
        "METEOR": 0.19027107069519697
      },
      "Summarization": {
        "rouge1": 0.2188133166805513,
        "rouge2": 0.08764572226926659,
        "rougeL": 0.14416698493007798,
        "rougeLsum": 0.16885134734601487
      }
    },
    "0.01": {
      "Perplexity": 5730.53662109375,
      "Translation": {
        "BLEU": 5.663445229663777,
        "METEOR": 0.1928486762638023
      },
      "Summarization": {
        "rouge1": 0.21650340350621688,
        "rouge2": 0.08691178566918834,
        "rougeL": 0.1426082770442606,
        "rougeLsum": 0.1672730173352661
      }
    },
    "0.1": {
      "Perplexity": 5238.13427734375,
      "Translation": {
        "BLEU": 5.380168993168662,
        "METEOR": 0.1867571212037498
      },
      "Summarization": {
        "rouge1": 0.2133076959651889,
        "rouge2": 0.08548807455577319,
        "rougeL": 0.14023450812816532,
        "rougeLsum": 0.16463084552983415
      }
    },
    "0.3": {
      "Perplexity": 5199.9091796875,
      "Translation": {
        "BLEU": 5.401813603646808,
        "METEOR": 0.18707405518555462
      },
      "Summarization": {
        "rouge1": 0.21347785185724272,
        "rouge2": 0.08544140579429867,
        "rougeL": 0.13971174619101356,
        "rougeLsum": 0.16419618095008595
      }
    },
    "0.5": {
      "Perplexity": 5159.443359375,
      "Translation": {
        "BLEU": 5.429164096901164,