{
  "Qwen/Qwen3-30B-A3B": {
    "0.001": {
      "Perplexity": 267.9029541015625,
      "Translation": {
        "BLEU": 4.835940003285356,
        "METEOR": 0.19361201810412726
      },
      "Summarization": {
        "rouge1": 0.2698252281114777,
        "rouge2": 0.1311683774282209,
        "rougeL": 0.1801315912730495,
        "rougeLsum": 0.20850873758308103
      }
    },
    "0.01": {
      "Perplexity": 78.45303344726562,
      "Translation": {
        "BLEU": 8.27401186594294,
        "METEOR": 0.22961906710836139
      },
      "Summarization": {
        "rouge1": 0.2579017225595528,
        "rouge2": 0.13051824440527426,
        "rougeL": 0.17119799178565695,
        "rougeLsum": 0.20143119257116882
      }
    },
    "0.1": {
      "Perplexity": 51.29021453857422,
      "Translation": {
        "BLEU": 10.288305175972237,
        "METEOR": 0.24909895139405394
      },
      "Summarization": {
        "rouge1": 0.2537525291030118,
        "rouge2": 0.12411929850987018,
        "rougeL": 0.17020630717453403,
        "rougeLsum": 0.1992189171110652
      }
    },
    "0.3": {
      "Perplexity": 56.15550994873047,
      "Translation": {
        "BLEU": 6.993188960406549,
        "METEOR": 0.21287903752132661
      },
      "Summarization": {
        "rouge1": 0.25512501212530114,
        "rouge2": 0.12779063028251025,
        "rougeL": 0.17267943296395155,
        "rougeLsum": 0.20006266941235365
      }
    },
    "0.5": {
      "Perplexity": 59.03467559814453,
      "Translation": {
        "BLEU": 8.685337375448434,
        "METEOR": 0.23676050118848596
      },
      "Summarization": {
        "rouge1": 0.2571207884793506,
        "rouge2": 0.12811993348655243,
        "rougeL": 0.17137648221741736,
        "rougeLsum": 0.2011973931182015
      }
    },
    "0.7": {
      "Perplexity": 76.75548553466797,
      "Translation": {
        "BLEU": 8.145416947612791,
        "METEOR": 0.24748281327609792
      },
      "Summarization": {
        "rouge1": 0.25707280977695135,
        "rouge2": 0.12501652822567655,
        "rougeL": 0.1710118656824,
        "rougeLsum": 0.199877596884389
      }
    },
    "1": {
      "Perplexity": 117.03813171386719,
      "Translation": {
        "BLEU": 4.538661273988171,
        "METEOR": 0.1964431516490063
      },
      "Summarization": {
        "rouge1": 0.2569389817232187,
        "rouge2": 0.12516710745189946,
        "rougeL": 0.17085662864976825,
        "rougeLsum": 0.2005072631727457
      }
    },
    "5": {
      "Perplexity": 2943.928466796875,
      "Translation": {
        "BLEU": 4.6193403287793835,
        "METEOR": 0.20607893991639478
      },
      "Summarization": {
        "rouge1": 0.28934081426009084,
        "rouge2": 0.142533470895836,
        "rougeL": 0.1975151940199152,
        "rougeLsum": 0.22261229956885864
      }
    },
    "0": {
      "Perplexity": 58.850467681884766,
      "Translation": {
        "BLEU": 7.928295599761055,
        "METEOR": 0.2253180816303857
      },
      "Summarization": {
        "rouge1": 0.2599822401346828,
        "rouge2": 0.12683320996498304,
        "rougeL": 0.17333601122031916,
        "rougeLsum": 0.20497483846437675
      }
    }
  },
  "allenai/OLMoE-1B-7B-0924-Instruct": {
    "0.001": {
      "Perplexity": 8871.7275390625,
      "Translation": {
        "BLEU": 4.565912221441891,
        "METEOR": 0.2094319113678728
      },
      "Summarization": {
        "rouge1": 0.2555218950660647,
        "rouge2": 0.12366110300727046,
        "rougeL": 0.17332674803777132,
        "rougeLsum": 0.20153607060573273
      }
    },
    "0.01": {
      "Perplexity": 30.638750076293945,
      "Translation": {
        "BLEU": 7.843497361517979,
        "METEOR": 0.28463898358724127
      },
      "Summarization": {
        "rouge1": 0.26081520855626106,
        "rouge2": 0.12435342710563056,
        "rougeL": 0.17704384296885645,
        "rougeLsum": 0.20264925056218416
      }
    },
    "0.1": {
      "Perplexity": 26.1760196685791,
      "Translation": {
        "BLEU": 7.683549748342882,
        "METEOR": 0.2798905022696769
      },
      "Summarization": {
        "rouge1": 0.26441642891512396,
        "rouge2": 0.13745142692258205,
        "rougeL": 0.18061974061914832,
        "rougeLsum": 0.21130365326902564
      }
    },
    "0.3": {
      "Perplexity": 32.67854309082031,
      "Translation": {
        "BLEU": 7.691994618448469,
        "METEOR": 0.2750046119440436
      },
      "Summarization": {
        "rouge1": 0.25880364872979167,
        "rouge2": 0.13475620168198799,
        "rougeL": 0.17634471312155892,
        "rougeLsum": 0.20616701095288958
      }
    },
    "0.5": {
      "Perplexity": 71.26505279541016,
      "Translation": {
        "BLEU": 5.203637672309167,
        "METEOR": 0.21288860562573322
      },
      "Summarization": {
        "rouge1": 0.2501081616024032,
        "rouge2": 0.12292663730398261,
        "rougeL": 0.17198016777865913,
        "rougeLsum": 0.19926150572227352
      }
    },
    "0.7": {
      "Perplexity": 1668.25146484375,
      "Translation": {
        "BLEU": 4.547987583927524,
        "METEOR": 0.19598614699776798
      },
      "Summarization": {
        "rouge1": 0.2670388963024458,
        "rouge2": 0.1297721230986801,
        "rougeL": 0.17925948978037842,
        "rougeLsum": 0.21011964893402224
      }
    },
    "1": {
      "Perplexity": 8347.25390625,
      "Translation": {
        "BLEU": 4.909942546478647,
        "METEOR": 0.22088057163685093
      },
      "Summarization": {
        "rouge1": 0.2904873709906318,
        "rouge2": 0.1400085424419269,
        "rougeL": 0.1950339685012557,
        "rougeLsum": 0.22509095631689952
      }
    },
    "5": {
      "Perplexity": 26362.228515625,
      "Translation": {
        "BLEU": 4.311364585296739,
        "METEOR": 0.2104929531372207
      },
      "Summarization": {
        "rouge1": 0.27448131173993995,
        "rouge2": 0.13180243845432044,
        "rougeL": 0.18401703047486112,
        "rougeLsum": 0.21428222074149267
      }
    },
    "0": {
      "Perplexity": 26.094348907470703,
      "Translation": {
        "BLEU": 8.928038096133188,
        "METEOR": 0.29977998642394044
      },
      "Summarization": {
        "rouge1": 0.2601028267457008,
        "rouge2": 0.1283751096287302,
        "rougeL": 0.17699459896302805,
        "rougeLsum": 0.2071433268206752
      }
    }
  },
  "microsoft/Phi-3.5-MoE-instruct": {
    "0.001": {
      "Perplexity": 4616.998046875,
      "Translation": {
        "BLEU": 4.7224923783511485,
        "METEOR": 0.20311684934081065
      },
      "Summarization": {
        "rouge1": 0.24943581583514146,
        "rouge2": 0.10946333461025037,
        "rougeL": 0.16298743056468185,
        "rougeLsum": 0.18963406564296403
      }
    },
    "0.01": {
      "Perplexity": 4616.998046875,
      "Translation": {
        "BLEU": 4.76727042521819,
        "METEOR": 0.21157324373215253
      },
      "Summarization": {
        "rouge1": 0.24977492200935603,
        "rouge2": 0.1098507586745789,
        "rougeL": 0.16376525035443454,
        "rougeLsum": 0.19053053959101585
      }
    },
    "0.1": {
      "Perplexity": 4074.486572265625,
      "Translation": {
        "BLEU": 4.381233138455197,
        "METEOR": 0.2051838795807758
      },
      "Summarization": {
        "rouge1": 0.24733566439053453,
        "rouge2": 0.10975519297790862,
        "rougeL": 0.16247393424615852,
        "rougeLsum": 0.18724271591177297
      }
    },
    "0.3": {
      "Perplexity": 4337.26806640625,
      "Translation": {
        "BLEU": 4.457806617196701,
        "METEOR": 0.20133697360063557
      },
      "Summarization": {
        "rouge1": 0.24783781281852807,
        "rouge2": 0.10898353056213414,
        "rougeL": 0.1625870948323549,
        "rougeLsum": 0.18870679224276182
      }
    },
    "0.5": {
      "Perplexity": 4337.26806640625,
      "Translation": {
        "BLEU": 4.44954140921848,