{
  "Qwen/Qwen3-30B-A3B": {
    "0.001": {
      "Perplexity": 254.47198486328125,
      "Translation": {
        "BLEU": 5.9835850576099245,
        "METEOR": 0.18227255754995675
      },
      "Summarization": {
        "rouge1": 0.21791120214602772,
        "rouge2": 0.09347327493883886,
        "rougeL": 0.14465499699629875,
        "rougeLsum": 0.17310071196332738
      }
    },
    "0.01": {
      "Perplexity": 49.066993713378906,
      "Translation": {
        "BLEU": 7.603373602203762,
        "METEOR": 0.19659046153884982
      },
      "Summarization": {
        "rouge1": 0.21916461130457815,
        "rouge2": 0.0955489692093891,
        "rougeL": 0.1452572118776328,
        "rougeLsum": 0.173927542633483
      }
    },
    "0.1": {
      "Perplexity": 43.764225006103516,
      "Translation": {
        "BLEU": 7.322718023135596,
        "METEOR": 0.19999950686286547
      },
      "Summarization": {
        "rouge1": 0.2177318728789947,
        "rouge2": 0.09702927588090116,
        "rougeL": 0.14525944242876512,
        "rougeLsum": 0.17471748314720165
      }
    },
    "0.3": {
      "Perplexity": 45.76476287841797,
      "Translation": {
        "BLEU": 6.946040377122791,
        "METEOR": 0.19456925861366123
      },
      "Summarization": {
        "rouge1": 0.21925717340902556,
        "rouge2": 0.096891179889228,
        "rougeL": 0.14541693381795273,
        "rougeLsum": 0.1755963590111239
      }
    },
    "0.5": {
      "Perplexity": 49.97390365600586,
      "Translation": {
        "BLEU": 7.596602462021896,
        "METEOR": 0.20089473691759901
      },
      "Summarization": {
        "rouge1": 0.21805080214017888,
        "rouge2": 0.09465424411292986,
        "rougeL": 0.14488246497896068,
        "rougeLsum": 0.17403514190817063
      }
    },
    "0.7": {
      "Perplexity": 66.72391510009766,
      "Translation": {
        "BLEU": 6.910829676754621,
        "METEOR": 0.1934202209674698
      },
      "Summarization": {
        "rouge1": 0.21618698782259638,
        "rouge2": 0.09392006693901887,
        "rougeL": 0.14356127265399815,
        "rougeLsum": 0.17324834666300776
      }
    },
    "1": {
      "Perplexity": 174.5377960205078,
      "Translation": {
        "BLEU": 5.902601904864632,
        "METEOR": 0.17898340819213424
      },
      "Summarization": {
        "rouge1": 0.2143476552717714,
        "rouge2": 0.09262834655149116,
        "rougeL": 0.14423245865900902,
        "rougeLsum": 0.16948696781248745
      }
    },
    "5": {
      "Perplexity": 3672.0439453125,
      "Translation": {
        "BLEU": 6.1217257659616235,
        "METEOR": 0.19025135803314186
      },
      "Summarization": {
        "rouge1": 0.2453677519841012,
        "rouge2": 0.10678108413999744,
        "rougeL": 0.16572968514176917,
        "rougeLsum": 0.19378968556636963
      }
    },
    "0": {
      "Perplexity": 45.970367431640625,
      "Translation": {
        "BLEU": 7.874688822152834,
        "METEOR": 0.20330780750387603
      },
      "Summarization": {
        "rouge1": 0.21861080023161278,
        "rouge2": 0.09688800818972922,
        "rougeL": 0.14559453626331342,
        "rougeLsum": 0.17576681776245184
      }
    }
  },
  "allenai/OLMoE-1B-7B-0924-Instruct": {
    "0.001": {
      "Perplexity": 5851.40185546875,
      "Translation": {
        "BLEU": 5.695087190045819,
        "METEOR": 0.19555658631641346
      },
      "Summarization": {
        "rouge1": 0.21726750237367043,
        "rouge2": 0.09310651344145787,
        "rougeL": 0.14606846550907687,
        "rougeLsum": 0.17288857900382198
      }
    },
    "0.01": {
      "Perplexity": 28.952329635620117,
      "Translation": {
        "BLEU": 8.089786035126572,
        "METEOR": 0.23799516001357854
      },
      "Summarization": {
        "rouge1": 0.22331751551234474,
        "rouge2": 0.10150724955738136,
        "rougeL": 0.1478634306364039,
        "rougeLsum": 0.18087771171825134
      }
    },
    "0.1": {
      "Perplexity": 28.084028244018555,
      "Translation": {
        "BLEU": 8.212259876701067,
        "METEOR": 0.24022670320074496
      },
      "Summarization": {
        "rouge1": 0.22426154524174113,
        "rouge2": 0.10214904021682379,
        "rougeL": 0.14859368084309438,
        "rougeLsum": 0.1815486254143041
      }
    },
    "0.3": {
      "Perplexity": 35.409584045410156,
      "Translation": {
        "BLEU": 7.733233614635675,
        "METEOR": 0.234049099171958
      },
      "Summarization": {
        "rouge1": 0.22259971929956243,
        "rouge2": 0.1004157746694867,
        "rougeL": 0.1480672692400915,
        "rougeLsum": 0.18077989971803932
      }
    },
    "0.5": {
      "Perplexity": 94.68817138671875,
      "Translation": {
        "BLEU": 6.18647344361294,
        "METEOR": 0.19837407050892025
      },
      "Summarization": {
        "rouge1": 0.21756771057601088,
        "rouge2": 0.09476636170275447,
        "rougeL": 0.14854534570571296,
        "rougeLsum": 0.17429604507768415
      }
    },
    "0.7": {
      "Perplexity": 780.623046875,
      "Translation": {
        "BLEU": 5.777044566523436,
        "METEOR": 0.19344132375541712
      },
      "Summarization": {
        "rouge1": 0.22726709771901044,
        "rouge2": 0.09742026346297651,
        "rougeL": 0.15207492705150716,
        "rougeLsum": 0.18039173179595244
      }
    },
    "1": {
      "Perplexity": 8244.9326171875,
      "Translation": {
        "BLEU": 5.7187747119672965,
        "METEOR": 0.200486234003862
      },
      "Summarization": {
        "rouge1": 0.23396430336321275,
        "rouge2": 0.09931253352567765,
        "rougeL": 0.15533763064349393,
        "rougeLsum": 0.1842942384805797
      }
    },
    "5": {
      "Perplexity": 69481.921875,
      "Translation": {
        "BLEU": 5.350891014299935,
        "METEOR": 0.20030605388398037
      },
      "Summarization": {
        "rouge1": 0.23504574581502924,
        "rouge2": 0.10223500142053935,
        "rougeL": 0.15796014440369044,
        "rougeLsum": 0.1851303534312814
      }
    },
    "0": {
      "Perplexity": 27.668994903564453,
      "Translation": {
        "BLEU": 8.292870689900095,
        "METEOR": 0.24251687497417548
      },
      "Summarization": {
        "rouge1": 0.22345469485388467,
        "rouge2": 0.10068079319386303,
        "rougeL": 0.14670926253534686,
        "rougeLsum": 0.17978868594906075
      }
    }
  },
  "microsoft/Phi-3.5-MoE-instruct": {
    "0.001": {
      "Perplexity": 4616.998046875,
      "Translation": {
        "BLEU": 5.660020241404149,
        "METEOR": 0.18953456054275405
      },
      "Summarization": {
        "rouge1": 0.2164205197343862,
        "rouge2": 0.08674469948808458,
        "rougeL": 0.14171569667998488,
        "rougeLsum": 0.1669363578029524
      }
    },
    "0.01": {
      "Perplexity": 5569.16259765625,
      "Translation": {
        "BLEU": 5.605848116008419,
        "METEOR": 0.18919470985939935
      },
      "Summarization": {
        "rouge1": 0.21867971020395982,
        "rouge2": 0.08778541794534278,
        "rougeL": 0.14331098921589613,
        "rougeLsum": 0.16864409830346694
      }
    },
    "0.1": {
      "Perplexity": 5231.744140625,
      "Translation": {
        "BLEU": 5.390855880446153,
        "METEOR": 0.1853970735174248
      },
      "Summarization": {
        "rouge1": 0.21482644492030514,
        "rouge2": 0.08601126665560478,
        "rougeL": 0.14038379221481434,
        "rougeLsum": 0.16544073986545005
      }
    },
    "0.3": {
      "Perplexity": 5231.744140625,
      "Translation": {
        "BLEU": 5.419226460909344,
        "METEOR": 0.18506373164271758
      },
      "Summarization": {
        "rouge1": 0.21354842970957533,
        "rouge2": 0.08577692236265666,
        "rougeL": 0.1396983667312181,
        "rougeLsum": 0.16432973100359397
      }
    },
    "0.5": {
      "Perplexity": 5569.16259765625,
      "Translation": {
        "BLEU": 5.432230921078158,