{
  "allenai/OLMoE-1B-7B-0924-Instruct": {
    "0": {
      "Perplexity": 31.953044891357422,
      "Translation": {
        "BLEU": 8.236030456736625,
        "METEOR": 0.2425134422647982
      },
      "Summarization": {
        "rouge1": 0.22259918999741413,
        "rouge2": 0.09966113379824054,
        "rougeL": 0.14734301853259185,
        "rougeLsum": 0.1800918639893536
      }
    }
  }
}