{
  "Qwen/Qwen3-30B-A3B": {
    "0.01": {
      "Perplexity": 48.691383361816406,
      "Translation": {
        "BLEU": 7.429799247214767,
        "METEOR": 0.20058942389121553
      },
      "Summarization": {
        "rouge1": 0.22015328176149662,
        "rouge2": 0.09648938267056541,
        "rougeL": 0.14564614950702123,
        "rougeLsum": 0.17604913043819187
      }
    },
    "0.1": {
      "Perplexity": 42.67930221557617,
      "Translation": {
        "BLEU": 8.07868421820831,
        "METEOR": 0.2078438354239711
      },
      "Summarization": {
        "rouge1": 0.22106865997572067,
        "rouge2": 0.09613016695683482,
        "rougeL": 0.14528372474968132,
        "rougeLsum": 0.1750581341645751
      }
    },
    "0.5": {
      "Perplexity": 49.724910736083984,
      "Translation": {
        "BLEU": 7.45051907949268,
        "METEOR": 0.20417463279602313
      },
      "Summarization": {
        "rouge1": 0.22053326429487155,
        "rouge2": 0.09722788193442108,
        "rougeL": 0.1456761858441133,
        "rougeLsum": 0.17652815521988136
      }
    },
    "1": {
      "Perplexity": 168.303466796875,
      "Translation": {
        "BLEU": 6.025735276727705,
        "METEOR": 0.18100660551580636
      },
      "Summarization": {
        "rouge1": 0.216311632394772,
        "rouge2": 0.09433618371540672,
        "rougeL": 0.14564326297067126,
        "rougeLsum": 0.17317523672646637
      }
    },
    "2": {
      "Perplexity": 1587.4383544921875,
      "Translation": {
        "BLEU": 6.086966387123271,
        "METEOR": 0.17971202444280596
      },
      "Summarization": {
        "rouge1": 0.22479518500693219,
        "rouge2": 0.09736009534001086,
        "rougeL": 0.15180385290294943,
        "rougeLsum": 0.17782825139244934
      }
    },
    "5": {
      "Perplexity": 3485.093017578125,
      "Translation": {
        "BLEU": 6.228977801953755,
        "METEOR": 0.19129040277121892
      },
      "Summarization": {
        "rouge1": 0.2425777931223673,
        "rouge2": 0.10503175284808308,
        "rougeL": 0.16349118779553545,
        "rougeLsum": 0.1913139781765051
      }
    },
    "0": {
      "Perplexity": 45.970367431640625,
      "Translation": {
        "BLEU": 7.486384430569528,
        "METEOR": 0.19888345090985882
      },
      "Summarization": {
        "rouge1": 0.2209141674085196,
        "rouge2": 0.096366219487824,
        "rougeL": 0.1463636639103618,
        "rougeLsum": 0.1768415133150302
      }
    }
  },
  "allenai/OLMoE-1B-7B-0924": {
    "0.01": {
      "Perplexity": 79.69969940185547,
      "Translation": {
        "BLEU": 6.056055613729664,
        "METEOR": 0.1847961595807866
      },
      "Summarization": {
        "rouge1": 0.22938499137030693,
        "rouge2": 0.09782245615804863,
        "rougeL": 0.1531005801368525,
        "rougeLsum": 0.1821458447592728
      }
    },
    "0.1": {
      "Perplexity": 78.29842376708984,
      "Translation": {
        "BLEU": 5.953479099389526,
        "METEOR": 0.1829827069188744
      },
      "Summarization": {
        "rouge1": 0.22998791385651945,
        "rouge2": 0.09857312359838345,
        "rougeL": 0.15328049076353228,
        "rougeLsum": 0.18220158772367906
      }
    },
    "0.5": {
      "Perplexity": 158.2786865234375,
      "Translation": {
        "BLEU": 5.6050492814450426,
        "METEOR": 0.1827035825569444
      },
      "Summarization": {
        "rouge1": 0.22417365021645091,
        "rouge2": 0.09588137084470907,
        "rougeL": 0.15080149312197352,
        "rougeLsum": 0.17731858404652476
      }
    },
    "1": {
      "Perplexity": 8267.6640625,
      "Translation": {
        "BLEU": 5.620309084522067,
        "METEOR": 0.18897761230228174
      },
      "Summarization": {
        "rouge1": 0.21726605124891477,
        "rouge2": 0.09212204898535738,
        "rougeL": 0.1442439371419306,
        "rougeLsum": 0.17023326635876085
      }
    },
    "2": {
      "Perplexity": 53212.24609375,
      "Translation": {
        "BLEU": 5.428451694664341,
        "METEOR": 0.19256116656457783
      },
      "Summarization": {
        "rouge1": 0.21118132460580746,
        "rouge2": 0.09075114888777966,
        "rougeL": 0.14056010355818938,
        "rougeLsum": 0.16486556411507014
      }
    },
    "5": {
      "Perplexity": 62595.03515625,
      "Translation": {
        "BLEU": 5.447941418512495,
        "METEOR": 0.19405574452035823
      },
      "Summarization": {
        "rouge1": 0.2146451987798568,
        "rouge2": 0.0919557901238599,
        "rougeL": 0.14296799919768283,
        "rougeLsum": 0.16802466994469234
      }
    },
    "0": {
      "Perplexity": 81.28466033935547,
      "Translation": {
        "BLEU": 6.045786853595504,
        "METEOR": 0.18781159946962903
      },
      "Summarization": {
        "rouge1": 0.2297460073262022,
        "rouge2": 0.09817363142301339,
        "rougeL": 0.15302651830445718,
        "rougeLsum": 0.18300919803328963
      }
    }
  },
  "microsoft/Phi-3.5-MoE-instruct": {
    "0.01": {
      "Perplexity": 9243.3486328125,
      "Translation": {
        "BLEU": 5.887894099167661,
        "METEOR": 0.1905971261099235
      },
      "Summarization": {
        "rouge1": 0.22251831191353152,
        "rouge2": 0.09065683721747697,
        "rougeL": 0.1470903916305599,
        "rougeLsum": 0.17152582440463782
      }
    },
    "0.1": {
      "Perplexity": 8004.068359375,
      "Translation": {
        "BLEU": 5.706939872036122,
        "METEOR": 0.19257258425322732
      },
      "Summarization": {
        "rouge1": 0.21850256241005933,
        "rouge2": 0.08870297246016112,
        "rougeL": 0.14392388237378562,
        "rougeLsum": 0.16874523039673417
      }
    },
    "0.5": {
      "Perplexity": 7967.24658203125,
      "Translation": {
        "BLEU": 5.6967347763778315,
        "METEOR": 0.19131892259075073
      },
      "Summarization": {
        "rouge1": 0.21815110720037995,
        "rouge2": 0.08790823938138596,
        "rougeL": 0.14342327447930528,
        "rougeLsum": 0.16849785339979867
      }
    },
    "1": {
      "Perplexity": 7946.86376953125,
      "Translation": {
        "BLEU": 5.74183781164619,
        "METEOR": 0.19012763566913157
      },
      "Summarization": {
        "rouge1": 0.21856017506793352,
        "rouge2": 0.08880628825058129,
        "rougeL": 0.14429611128344838,
        "rougeLsum": 0.16896050079021357
      }
    },
    "2": {
      "Perplexity": 7873.921875,
      "Translation": {
        "BLEU": 5.735092078360488,
        "METEOR": 0.19074769545854078
      },
      "Summarization": {
        "rouge1": 0.22055707081500822,
        "rouge2": 0.08969476770524085,
        "rougeL": 0.14552561545729653,
        "rougeLsum": 0.17016253762749997
      }
    },
    "5": {
      "Perplexity": 8012.2705078125,
      "Translation": {
        "BLEU": 5.73023526143175,
        "METEOR": 0.19281669011783095
      },
      "Summarization": {
        "rouge1": 0.21680540636573195,
        "rouge2": 0.08773562321527725,
        "rougeL": 0.14296018821089704,
        "rougeLsum": 0.16759275073679297
      }
    },
    "0": {
      "Perplexity": 7946.86376953125,
      "Translation": {
        "BLEU": 5.74183781164619,
        "METEOR": 0.19012763566913157
      },
      "Summarization": {
        "rouge1": 0.21856017506793352,
        "rouge2": 0.08880628825058129,
        "rougeL": 0.14429611128344838,
        "rougeLsum": 0.16896050079021357
      }
    }
  }
}